[
  {
    "name": "Branding",
    "settings": [
      {
        "id": "favicon",
        "type": "image_picker",
        "label": "Favicon"        
      }      
    ]
  },

  {
    "name": "Logo",
    "settings": [
      {
        "id": "logo",
        "type": "image_picker",
        "label": "logo"
      }
    ]
  },
  {
    "name": "API Keys",
    "settings": [
      {
        "type": "text",
        "id": "google_maps_api_key",
        "label": "Google Maps"
      }      
    ]
  },
  {

    "name": "Global Site Tracking",
    "settings": [
      {
        "label": "Google Tag Manager",
        "id": "gtm",
        "type": "html"
      }
    ]


  },
  {
    "name": "Typography",
    "settings": [
        {
            "type":    "font_picker",
            "label":   "Heading font",
            "id":      "heading_font_select",
            "default": "helvetica_n4"
        },
        {
            "type":    "font_picker",
            "label":   "Body font",
            "id":      "body_font_select",
            "default": "helvetica_n4"
        },
        {
         "type":      "select",
         "id":        "header_custom_font",
         "label":     "Header Custom Font",
         "options": [
           {

             "value": "none",
             "label": "None"
           },
           {

             "value": "BentonSans",
             "label": "BentonSans"
           },
            {

             "value": "BentonSans Condensed",
             "label": "BentonSans Condensed"
           }
         ],
         "default":   "none"

      },
      {
         "type":      "select",
         "id":        "body_custom_font",
         "label":     "Body Custom Font",
         "options": [
           {

             "value": "none",
             "label": "None"
           },
           {

             "value": "BentonSans",
             "label": "BentonSans"
           },
           {

             "value": "BentonSans Condensed",
             "label": "BentonSans Condensed"
           }
         ],
         "default":   "none"

      }
    ]
},
   {
    "name": "Theme Colors",
    "settings": [
      {
        "type": "header",
        "content": "Main Colors"
      },
      {
        "type": "color",
        "id": "header_color",
        "label": "Header Color",
        "default": "#ffffff"
      },
      {
        "type": "color",
        "id": "color_1",
        "label": "Primary 1",
        "default": "#0074E4"
      },
      {
        "type": "color",
        "id": "color_2",
        "label": "Primary 2",
        "default": "#ffffff"
      },
      {
        "type": "color",
        "id": "color_3",
        "label": "Primary 3",
        "default": "#000000"
      },
      {
        "type": "color",
        "id": "color_4",
        "label": "Color 4",
        "default": "#F0F0F0"
      },
      {
        "type": "color",
        "id": "color_5",
        "label": "Color 5",
        "default": "#FCFCFC"
      },
      {
        "type": "color",
        "id": "color_6",
        "label": "Color 6",
        "default": "#999999"
      },
      {
        "type": "color",
        "id": "color_7",
        "label": "Color 7",
        "default": "#5B5B5B"
      }
    ]
  },
  {
    "name": "Privacy Policy",
    "settings": [
      {
        "label": "Privacy Policy",
        "id": "privacy_policy",
        "type": "html"
      }
    ]
  },
  {
    "name": "Footer Signup",
    "settings": [
      {
        "label": "Form Action",
        "id": "footer_form_action",
        "type": "text"
      },
       {
        "label": "Form Input Name",
        "id": "footer_form_name",
        "type": "text"
      }
    ]
  },
  {
    "name": "copyright",
    "settings": [
      {
        "label":"Footer Copyright text",
        "id": "copyright",
        "type": "text"
      }
    ]
  },
  {
    "name": "custom-header-code",
    "settings": [
      {
        "label": "Custom Header Code",
        "id": "custom_header_code",
        "type": "html"
      }
    ]
  }
]
